0;get
1;go
2;oh
3;know
5;yeah
6;well
7;think
8;want
9;good
10;come
11;say
12;one
13;hey
14;see
15;like
16;look
17;make
18;right
19;guy
20;take
21;let
22;really
23;okay
24;uh
25;tell
26;time
27;thing
28;like
29;yes
30;back
31;mean
32;man
33;little
34;give
35;us
36;need
37;shall
38;talk
39;okay
40;something
41;great
42;way
43;never
44;call
45;sorry
46;love
47;wait
48;day
49;two
50;people
51;God
52;work
53;thank
54;big
55;try
56;dad
57;maybe
58;feel
59;friend
60;even
61;sure
62;find
63;kid
64;boy
65;put
66;please
67;happen
68;much
69;stop
70;night
71;bad
72;right
73;first
74;leave
75;year
76;hear
77;right
78;ever
79;Mr
80;use
81;mom
82;may
83;hi
84;life
85;nice
86;new
87;still
88;kind
89;anything
90;baby
91;fine
92;hello
93;keep
94;girl
95;help
96;believe
97;woman
98;lot
99;play
100;ask
101;start
102;home
103;nothing
104;hmm
105;meet
106;huh
107;show
108;around
109;guess
110;old
111;hell
112;always
113;three
114;wow
115;listen
116;thanks
117;minute
118;actually
119;eat
120;place
121;live
122;away
123;bring
124;every
125;everything
126;money
127;person
128;watch
129;remember
130;house
131;wrong
132;kill
133;school
134;everyone
135;run
136;late
137;care
138;car
139;move
140;ah
141;idea
142;another
143;someone
144;today
145;turn
146;real
147;happy
148;whole
149;week
150;job
151;fun
152;problem
153;break
154;world
155;must
156;party
157;buy
158;together
159;room
160;family
161;stay
162;lose
163;stuff
164;son
165;stupid
166;name
167;everybody
168;last
169;long
170;tonight
171;child
172;sit
173;course
174;pretty
175;hold
176;game
177;forget
178;else
179;five
180;second
181;doctor
182;dollar
183;enough
184;dog
185;funny
186;wear
187;die
188;sir
189;hard
190;honey
191;sound
192;sex
193;hate
194;suppose
195;God
196;head
197;understand
198;whoa
199;movie
200;worry
201;cool
202;marry
203;miss
204;pay
205;hour
206;crazy
207;change
208;hot
209;excuse
210;mother
211;check
212;pick
213;word
214;ready
215;seem
216;win
217;walk
218;father
219;story
220;already
221;hope
222;part
223;open
224;lady
225;read
226;drink
227;sleep
228;number
229;write
230;morning
231;tomorrow
232;next
233;phone
234;four
235;last
236;somebody
237;probably
238;without
239;many
240;eye
241;drive
242;wife
243;book
244;hang
245;since
246;throw
247;name
248;dead
249;stand
250;aw
251;dinner
252;anyone
253;hand
254;anyway
255;television
256;learn
257;shut
258;town
259;beautiful
260;date
261;spend
262;office
263;hit
264;yet
265;save
266;true
267;sweet
268;food
269;send
270;high
271;anymore
272;also
273;news
274;Christmas
275;ten
276;ass
277;business
278;couple
279;totally
280;door
281;gay
282;exactly
283;parent
284;month
285;easy
286;deal
287;ow
288;hurt
289;nobody
290;OK
291;perfect
292;lie
293;free
294;young
295;weird
296;whatever
297;brother
298;work
299;kid
300;ago
301;end
302;ball
303;finally
304;line
305;ha
306;important
307;fall
308;heart
309;long
310;fat
311;class
312;shoot
313;picture
314;sell
315;side
316;wish
317;love
318;mind
319;hair
320;cut
321;wedding
322;reason
323;become
324;least
325;look
326;bite
327;fuck
328;bed
329;paper
330;different
331;catch
332;mine
333;six
334;set
335;face
336;speak
337;suck
338;sometimes
339;city
340;special
341;stick
342;question
343;dude
344;realize
345;birthday
346;point
347;enjoy
348;fact
349;dance
350;soon
351;bar
352;wonder
353;joke
354;relationship
355;chance
356;black
357;almost
358;fight
359;card
360;song
361;little
362;bye
363;coffee
364;awesome
365;sick
366;apartment
367;sorry
368;back
369;figure
370;pull
371;box
372;dream
373;water
374;decide
375;store
376;bet
377;lunch
378;face
379;anybody
380;afraid
381;buddy
382;cute
383;close
384;bathroom
385;show
386;mind
387;steal
388;full
389;company
390;front
391;ahead
392;moment
393;case
394;date
395;though
396;body
397;Mrs
398;pants
399;bitch
400;promise
401;glad
402;kiss
403;either
404;fire
405;grow
406;build
407;table
408;ticket
409;matter
410;teach
411;cat
412;sister
413;girlfriend
414;hat
415;touch
416;terrible
417;beer
418;damn
419;mm-hmm
420;club
421;amaze
422;smell
423;gift
424;serious
425;plan
426;street
427;team
428;order
429;cry
430;zero
431;drop
432;act
433;alone
434;seat
435;eh
436;eight
437;twenty
438;foot
439;seven
440;finish
441;gentleman
442;hand
443;point
444;blow
445;small
446;trouble
447;sweetie
448;sing
449;pass
450;beat
451;piece
452;shoe
453;welcome
454;god
455;white
456;kick
457;bag
458;fire
459;early
460;excite
461;wonderful
462;seriously
463;country
464;mouth
465;question
466;dear
467;quite
468;smart
469;husband
470;shh
471;invite
472;rest
473;behind
474;key
475;end
476;dress
477;red
478;laugh
479;help
480;agree
481;machine
482;yep
483;return
484;space
485;mad
486;truth
487;ice
488;follow
489;outside
490;idiot
491;rule
492;absolutely
493;next
494;American
495;need
496;scare
497;notice
498;chicken
499;ride
500;music
501;join
502;next
503;good-bye
504;ruin
505;war
506;screw
507;light
508;along
509;poor
510;sense
511;able
512;matter
513;secret
514;fly
515;top
516;sure
517;fair
518;relax
519;boyfriend
520;plan
521;mistake
522;luck
523;group
524;daughter
525;college
526;president
527;far
528;sign
529;close
530;message
531;freak
532;fault
533;quick
534;till
535;except
536;single
537;shirt
538;choice
539;attention
540;power
541;quit
542;answer
543;trust
544;fifty
545;leg
546;wake
547;human
548;star
549;student
550;air
551;chair
552;gun
553;begin
554;death
555;tree
556;boss
557;present
558;instead
559;lucky
560;safe
561;cold
562;ahh
563;explain
564;video
565;brain
566;completely
567;voice
568;cake
569;drink
570;trip
571;monkey
572;hundred
573;fix
574;entire
575;expect
576;million
577;allow
578;forever
579;ugh
580;hide
581;huge
582;interesting
583;fight
584;roll
585;clothes
586;fast
587;grab
588;teacher
589;crap
590;animal
591;burn
592;tough
593;restaurant
594;sort
595;tooth
596;marriage
597;proud
598;uncle
599;push
600;butt
601;offer
602;lord
603;unless
604;feeling
605;suit
606;uh-huh
607;floor
608;cream
609;favorite
610;naked
611;list
612;ring
613;clean
614;apologize
615;clear
616;Earth
617;share
618;fill
619;cool
620;pizza
621;ridiculous
622;alive
623;pretend
624;hospital
625;sad
626;bunch
627;half
628;police
629;fish
630;window
631;busy
632;sign
633;call
634;pie
635;answer
636;raise
637;somewhere
638;sandwich
639;thirty
640;sale
641;choose
642;definitely
643;swear
644;pretty
645;boat
646;tired
647;ho
648;upset
649;less
650;nine
651;thousand
652;smoke
653;embarrass
654;band
655;bear
656;none
657;Santa
658;strong
659;law
660;toilet
661;jump
662;count
663;egg
664;Saturday
665;blue
666;horrible
667;shit
668;favor
669;handle
670;wall
671;art
672;cover
673;arm
674;perhaps
675;simple
676;bus
677;appreciate
678;surprise
679;candy
680;finger
681;worth
682;state
683;possible
684;rich
685;short
686;king
687;knock
688;cookie
689;penis
690;history
691;imagine
692;third
693;blood
694;drug
695;future
696;prove
697;surprise
698;alright
699;captain
700;evening
701;congratulations
702;system
703;record
704;age
705;deserve
706;normal
707;yesterday
708;jerk
709;yay
710;bird
711;nose
712;bother
713;fan
714;letter
715;rather
716;head
717;interested
718;owe
719;pregnant
720;destroy
721;bear
722;evil
723;milk
724;sport
725;admit
726;apparently
727;conversation
728;obviously
729;uh-oh
730;jacket
731;accept
732;dumb
733;bit
734;consider
735;mention
736;step
737;deal
738;hungry
739;situation
740;lead
741;twelve
742;fantastic
743;hole
744;plus
745;note
746;test
747;honest
748;character
749;holy
750;manager
751;lesson
752;soul
753;nope
754;dark
755;difference
756;wine
757;road
758;calm
759;personal
760;clown
761;computer
762;horse
763;gosh
764;mayor
765;inside
766;sexy
767;dirty
768;carry
769;professor
770;usually
771;bottle
772;cheese
773;summer
774;remind
775;afternoon
776;pee
777;across
778;angry
779;fella
780;film
781;reach
782;shower
783;cup
784;lawyer
785;camera
786;pain
787;hurry
788;desk
789;monster
790;certainly
791;cop
792;credit
793;prepare
794;anywhere
795;breakfast
796;bastard
797;damn
798;church
799;hire
800;decision
801;Miss
802;pig
803;loser
804;robot
805;deep
806;park
807;chocolate
808;service
809;Jew
810;tape
811;kitchen
812;half
813;rid
814;grandpa
815;hero
816;shot
817;spot
818;folks
819;yell
820;awful
821;scene
822;trick
823;asshole
824;issue
825;lovely
826;visit
827;honor
828;clean
829;second
830;chick
831;costume
832;Friday
833;hall
834;Ms
835;fake
836;forgive
837;grade
838;fifteen
839;ought
840;cheat
841;Chinese
842;crap
843;create
844;comfortable
845;hotel
846;magazine
847;settle
848;accident
849;boob
850;excellent
851;neighbor
852;train
853;board
854;pop
855;spirit
856;cow
857;building
858;ear
859;giant
860;ugly
861;toy
862;cancel
863;Internet
864;strange
865;aunt
866;island
867;extra
868;fit
869;rock
870;step
871;action
872;bill
873;field
874;kiss
875;fresh
876;level
877;cost
878;size
879;cell
880;serve
881;shake
882;neck
883;bowl
884;control
885;loud
886;bedroom
887;check
888;heaven
889;right
890;commercial
891;draw
892;guest
893;insane
894;fail
895;cook
896;pleasure
897;truck
898;science
899;careful
900;nervous
901;although
902;gas
903;partner
904;ew
905;scream
906;pool
907;appear
908;clearly
909;silly
910;feed
911;charge
912;neither
913;wash
914;stink
915;magic
916;plane
917;tiny
918;prison
919;cause
920;photo
921;public
922;button
923;flower
924;memory
925;fast
926;base
927;involve
928;madam
929;blame
930;tea
931;whoo
932;bike
933;freeze
934;sexual
935;code
936;celebrate
937;couch
938;inside
939;price
940;assume
941;delicious
942;forty
943;player
944;soup
945;waste
946;coat
947;doll
948;security
949;warm
950;football
951;model
952;whose
953;besides
954;middle
955;shop
956;garbage
957;client
958;ground
959;lame
960;project
961;dare
962;shop
963;episode
964;glass
965;green
966;lock
967;award
968;straight
969;unbelievable
970;court
971;experience
972;final
973;large
974;salad
975;belong
976;fuck
977;station
978;area
979;vote
980;crime
981;meat
982;romantic
983;treat
984;forward
985;glasses
986;lie
987;taste
988;weight
989;mail
990;cab
991;two hundred
992;boring
993;information
994;total
995;channel
996;page
997;suddenly
998;sake
999;Thanksgiving
1000;private
